tld,domainname,registrarname,blacklistdate
com,erobeauties.com,EVOPLUS LTD,2015-06-14
com,japanese-porn-tubes.com,EVOPLUS LTD,2014-10-25
com,trythisporn.com,EVOPLUS LTD,2014-11-28
net,hot-place.net,EVOPLUS LTD,2015-03-17
com,maturezzzone.com,EVOPLUS LTD,2014-12-07
com,deutschelesben.com,EVOPLUS LTD,2014-10-19
com,tube-xxxx.com,EVOPLUS LTD,2014-09-05
xxx,anyhd.xxx,EvoPlus Ltd. (R3298-AGRS),2015-05-04
com,gay-porn-clips.com,EVOPLUS LTD,2015-02-14
biz,wikimoney.biz,EVOPLUS LTD.,2014-05-07
net,free-gay-porn-tube.net,EVOPLUS LTD,2014-10-27
com,pornblackebony.com,EVOPLUS LTD,2015-01-04
com,assloverstube.com,EVOPLUS LTD,2014-10-24
com,mymilfstube.com,EVOPLUS LTD,2014-09-07
com,honeyasians.com,EVOPLUS LTD,2014-10-26
com,yummyhairypussy.com,EVOPLUS LTD,2015-05-19
com,indiansexforfree.com,EVOPLUS LTD,2014-10-16
com,fastxtube.com,EVOPLUS LTD,2014-12-29
com,visionvisitor.com,EVOPLUS LTD,2015-07-25
net,youngasiantubes.net,EVOPLUS LTD,2014-10-27
com,hardcorepornhq.com,EVOPLUS LTD,2014-09-05
net,beeg-movies.net,EVOPLUS LTD,2015-02-21
com,redtube-teens.com,EVOPLUS LTD,2014-10-28
com,freeasianpornhd.com,EVOPLUS LTD,2015-05-03
net,gaysextubes.net,EVOPLUS LTD,2014-11-16
com,xxxsmtube.com,EVOPLUS LTD,2015-01-19
com,porn-sex-xxx.com,EVOPLUS LTD,2014-11-26
com,hotmomsonsex.com,EVOPLUS LTD,2014-12-02
com,herevoyeur.com,EVOPLUS LTD,2015-05-19
net,bdsmalbum.net,EVOPLUS LTD,2014-12-02
com,xxxbolt.com,EVOPLUS LTD,2014-09-04
net,xxx18teen.net,EVOPLUS LTD,2014-10-19
org,hotblackpussy.org,EvoPlus Ltd. (R1823-LROR),2014-11-21
com,nutiks.com,EVOPLUS LTD,2015-03-22
com,amazkashtan.com,EVOPLUS LTD,2015-04-10
com,best-xxx-place.com,EVOPLUS LTD,2015-03-26
com,i-34.com,EVOPLUS LTD,2014-11-03
com,setupmylife.com,EVOPLUS LTD,2015-03-12
net,oldladytube.net,EVOPLUS LTD,2014-09-04
com,av-card.com,EVOPLUS LTD,2015-02-03
biz,bestcity.biz,EVOPLUS LTD.,2016-01-31
com,tubematurefuck.com,EVOPLUS LTD,2014-11-18
com,youngdelights.com,EVOPLUS LTD,2015-06-16
com,freexxxclub.com,EVOPLUS LTD,2014-11-28
com,submittedgf.com,EVOPLUS LTD,2015-02-15
com,sluttycity.com,EVOPLUS LTD,2014-12-18
com,wowporn18au.com,EVOPLUS LTD,2015-03-22
com,vintage-movies-tube.com,EVOPLUS LTD,2014-11-24
net,desisextube.net,EVOPLUS LTD,2014-10-16
com,japancoco.com,EVOPLUS LTD,2015-06-25
com,smutgaymovies.com,EVOPLUS LTD,2015-06-19
org,freegayporno.org,EvoPlus Ltd. (R1823-LROR),2014-10-15
org,hotindiangirls.org,EvoPlus Ltd. (R1823-LROR),2015-06-09
com,neoporntube.com,EVOPLUS LTD,2014-10-25
com,bestwebxxx.com,EVOPLUS LTD,2015-03-02
com,freshmaturespussy.com,EVOPLUS LTD,2016-05-02
com,kissgaytube.com,EVOPLUS LTD,2015-06-26
com,supermatural.com,EVOPLUS LTD,2014-12-23
com,mylovedanal.com,EVOPLUS LTD,2015-03-09
com,dizzyanal.com,EVOPLUS LTD,2014-11-16
com,votreporno.com,EVOPLUS LTD,2014-09-06
com,highscoreporn.com,EVOPLUS LTD,2014-10-15
org,groupsetzipmyjob.org,EvoPlus Ltd. (R1823-LROR),2014-11-29
com,toomadporn.com,EVOPLUS LTD,2014-11-09
com,smutmaletube.com,EVOPLUS LTD,2015-07-23
com,greatsprite.com,EVOPLUS LTD,2014-11-21
com,jerkmetube.com,EVOPLUS LTD,2014-11-20
com,freesextouch.com,EVOPLUS LTD,2015-04-17
com,asscj.com,EVOPLUS LTD,2015-01-24
com,18teenpornvideos.com,EVOPLUS LTD,2015-03-28
com,whereporno.com,EVOPLUS LTD,2015-01-22
com,trannyvideostube.com,EVOPLUS LTD,2014-09-06
com,xxxmomtube.com,EVOPLUS LTD,2014-09-04
com,almatube.com,EVOPLUS LTD,2014-11-05
com,gayhoneys.com,EVOPLUS LTD,2015-04-24
com,agedwomentube.com,EVOPLUS LTD,2015-06-27
com,xnudeeroticgirls.com,EVOPLUS LTD,2015-06-25
com,gremlinvintage.com,EVOPLUS LTD,2015-01-11
com,maturesesso.com,EVOPLUS LTD,2014-10-25
com,indian-nude-tube.com,EVOPLUS LTD,2015-03-27
com,nuhairygirls.com,EVOPLUS LTD,2015-04-06
com,pornishka.com,EVOPLUS LTD,2014-10-15
com,kirklareliogretmenevi.com,EVOPLUS LTD,2015-05-11
com,manager-sales.com,EVOPLUS LTD,2016-06-07
com,youngbeautifulnudes.com,EVOPLUS LTD,2015-07-17
com,devilsebony.com,EVOPLUS LTD,2015-04-24
com,pornovita.com,EVOPLUS LTD,2014-11-13
com,asianmovieshd.com,EVOPLUS LTD,2014-10-28
net,photosfemmesnues.net,EVOPLUS LTD,2014-11-28
com,alexpix.com,EVOPLUS LTD,2015-05-20
com,trsgate.com,EVOPLUS LTD,2014-11-05
com,lesbian-porn-tubes.com,EVOPLUS LTD,2014-11-27
com,thaiporngirl.com,EVOPLUS LTD,2014-10-18
net,pornsextubes.net,EVOPLUS LTD,2014-10-25
com,lusthero.com,EVOPLUS LTD,2014-10-25
com,pornbaytube.com,EVOPLUS LTD,2014-12-03
com,energominimum.com,EVOPLUS LTD,2016-02-28
com,newgayboys.com,EVOPLUS LTD,2015-03-03
com,mature-sex-granny.com,EVOPLUS LTD,2014-12-24
com,coolmomstube.com,EVOPLUS LTD,2014-11-06
com,nudeteenswithbigtits.com,EVOPLUS LTD,2015-05-09
name,geileweiber.name,EvoPlus Ltd,2015-03-15
com,donnagrandma.com,EVOPLUS LTD,2015-06-16
com,plainxxx.com,EVOPLUS LTD,2015-04-01
info,thai-tube.info,EvoPlus Ltd. (R589-LRMS),2014-10-21
xxx,tubepornmd.xxx,EvoPlus Ltd. (R3298-AGRS),2015-03-25
net,amateur-housewife.net,EVOPLUS LTD,2014-11-08
com,celebscomics.com,EVOPLUS LTD,2014-11-18
com,clitiporntube.com,EVOPLUS LTD,2015-01-14
net,indian-kamasutra.net,EVOPLUS LTD,2014-12-14
com,hotsexstreet.com,EVOPLUS LTD,2014-09-09
com,soloteenpics.com,EVOPLUS LTD,2015-05-29
com,homemadesexhd.com,EVOPLUS LTD,2014-10-24
com,ts-movs.com,EVOPLUS LTD,2015-01-30
com,hairyteenz.com,EVOPLUS LTD,2015-05-19
xxx,pornvideos1.xxx,EvoPlus Ltd. (R3298-AGRS),2015-03-21
com,fineteenporn.com,EVOPLUS LTD,2015-06-14
com,gramateurs.com,EVOPLUS LTD,2015-04-25
com,fathotporntube.com,EVOPLUS LTD,2014-12-18
com,redyoungtube.com,EVOPLUS LTD,2015-01-20
org,gaytubemovies.org,EvoPlus Ltd. (R1823-LROR),2015-03-11
net,freeindianporntube.net,EVOPLUS LTD,2015-01-15
com,tabooretrotube.com,EVOPLUS LTD,2015-04-22
com,nubiles1.com,EVOPLUS LTD,2014-11-01
com,prettytubeporn.com,EVOPLUS LTD,2015-04-21
com,wanttomeetwithyou.com,EVOPLUS LTD,2014-12-12
com,ac-porn.com,EVOPLUS LTD,2015-01-10
com,mature-xxx-tube.com,EVOPLUS LTD,2015-02-16
com,practicbiz.com,EVOPLUS LTD,2014-10-23
com,dizzylove.com,EVOPLUS LTD,2014-09-09
com,porny-garden.com,EVOPLUS LTD,2015-03-13
com,redmature.com,EVOPLUS LTD,2015-05-18
xxx,teenhd.xxx,EvoPlus Ltd. (R3298-AGRS),2015-03-15
com,tabootwinktube.com,EVOPLUS LTD,2015-05-06
com,myfunnysex.com,EVOPLUS LTD,2015-02-10
com,moms-and-son.com,EVOPLUS LTD,2015-07-16
com,iplaymp3.com,EVOPLUS LTD,2015-01-13
com,myoldertube.com,EVOPLUS LTD,2014-09-04
com,lesbosclub.com,EVOPLUS LTD,2014-10-29
com,opengaytube.com,EVOPLUS LTD,2015-04-08
com,nude-japanese-beauties.com,EVOPLUS LTD,2014-12-20
com,1indianporntube.com,EVOPLUS LTD,2014-09-07
xxx,hdtubevideos.xxx,EvoPlus Ltd. (R3298-AGRS),2014-09-03
com,goldtubesex.com,EVOPLUS LTD,2014-11-09
com,retriv.com,EVOPLUS LTD,2015-03-25
com,babelogsites.com,EVOPLUS LTD,2015-07-30
com,weltporno.com,EVOPLUS LTD,2014-11-06
net,lesbenporn.net,EVOPLUS LTD,2014-11-01
com,realfucktube.com,EVOPLUS LTD,2015-03-11
net,nakedgirlsphotos.net,EVOPLUS LTD,2015-07-13
com,herekeyhole.com,EVOPLUS LTD,2014-09-08
net,momandsons.net,EVOPLUS LTD,2015-04-15
com,akupunkturbehandlungen.com,EVOPLUS LTD,2015-03-09
com,manlytuber.com,EVOPLUS LTD,2015-05-21
com,bdsm-photos.com,EVOPLUS LTD,2015-02-18
com,dadfuckdaughtermovies.com,EVOPLUS LTD,2015-06-08
com,dickuptube.com,EVOPLUS LTD,2014-10-29
com,ladyboydance.com,EVOPLUS LTD,2014-09-09
net,st88.net,EVOPLUS LTD,2015-07-31
com,mylovedspy.com,EVOPLUS LTD,2015-05-18
biz,teenageporn.biz,EVOPLUS LTD.,2014-12-14
com,xxx69tube.com,EVOPLUS LTD,2014-09-05
com,newsextv.com,EVOPLUS LTD,2014-09-06
com,south-africa-porn.com,EVOPLUS LTD,2014-12-10
org,forcestore.org,EvoPlus Ltd. (R1823-LROR),2015-02-23
com,xxxpussyteen.com,EVOPLUS LTD,2014-10-30
com,videosretro.com,EVOPLUS LTD,2014-12-13
org,ibssymptomsguide.org,EvoPlus Ltd. (R1823-LROR),2015-03-27
com,smut-nut.com,EVOPLUS LTD,2015-02-15
com,dosexvideo.com,EVOPLUS LTD,2014-11-14
com,depravedgaytube.com,EVOPLUS LTD,2015-05-20
com,freejapaneseporntube.com,EVOPLUS LTD,2014-10-22
info,bestpharms.info,EvoPlus Ltd. (R589-LRMS),2014-12-17
com,free-nylon-sex.com,EVOPLUS LTD,2015-01-09
com,japanesetwats.com,EVOPLUS LTD,2015-03-26
com,lustfulfatties.com,EVOPLUS LTD,2014-12-23
com,hardfuckvideo.com,EVOPLUS LTD,2015-02-15
com,themomtube.com,EVOPLUS LTD,2014-09-08
com,japanesefire.com,EVOPLUS LTD,2015-05-15
com,redtubenow.com,EVOPLUS LTD,2015-05-28
org,momstrysons.org,EvoPlus Ltd. (R1823-LROR),2015-05-03
com,madyoungsex.com,EVOPLUS LTD,2015-02-03
com,wankerson.com,EVOPLUS LTD,2015-02-06
com,goamateurtube.com,EVOPLUS LTD,2014-09-04
com,freehardxxx.com,EVOPLUS LTD,2015-01-19
com,pretty-asian.com,EVOPLUS LTD,2015-05-16
net,blackbootytube.net,EVOPLUS LTD,2014-10-31
com,hardxxxvids.com,EVOPLUS LTD,2014-10-23
com,xxxxamateur.com,EVOPLUS LTD,2014-10-21
com,sexyjapantube.com,EVOPLUS LTD,2014-09-06
com,ad2up.com,EVOPLUS LTD,2014-12-22
com,porntasty.com,EVOPLUS LTD,2015-04-27
com,xhamster-galore.com,EVOPLUS LTD,2015-01-22
com,soloqueens.com,EVOPLUS LTD,2015-05-22
com,gradeuptube.com,EVOPLUS LTD,2014-10-12
biz,bbwtube.biz,EVOPLUS LTD.,2014-09-09
com,admobilevbestxxx.com,EVOPLUS LTD,2015-03-30
net,japanese-fuck.net,EVOPLUS LTD,2015-05-22
com,easyhotpics.com,EVOPLUS LTD,2014-10-20
com,cocowhores.com,EVOPLUS LTD,2015-07-23
com,pornporntube.com,EVOPLUS LTD,2014-10-15
com,goldasiansex.com,EVOPLUS LTD,2014-12-01
org,sexarabtube.org,EvoPlus Ltd. (R1823-LROR),2014-09-04
org,indiansexvideos.org,EvoPlus Ltd. (R1823-LROR),2014-10-31
com,bitofsex.com,EVOPLUS LTD,2015-02-18
com,analsextuber.com,EVOPLUS LTD,2015-02-21
com,adsader.com,EVOPLUS LTD,2015-05-01
net,hot-milf-tube.net,EVOPLUS LTD,2014-12-20
com,thainudetube.com,EVOPLUS LTD,2015-07-25
com,ebonyxxxfilm.com,EVOPLUS LTD,2014-10-29
net,bidvice.net,EVOPLUS LTD,2015-06-24
com,momsextuber.com,EVOPLUS LTD,2014-11-20
com,zachandmirimakeaporno.com,EVOPLUS LTD,2015-04-01
com,blogself.com,EVOPLUS LTD,2015-05-02
com,wildgrandmothertube.com,EVOPLUS LTD,2014-11-09
com,teenssexpics.com,EVOPLUS LTD,2014-09-04
com,gay-tubex.com,EVOPLUS LTD,2015-07-20
com,socialmonke.com,EVOPLUS LTD,2015-07-26
com,pornbrotube.com,EVOPLUS LTD,2015-02-14
net,big-natural-tits.net,EVOPLUS LTD,2015-01-29
com,tuberube.com,EVOPLUS LTD,2014-10-13
biz,gay-porn-tube.biz,EVOPLUS LTD.,2015-02-23
com,mom-tubes.com,EVOPLUS LTD,2014-12-09
com,hqxnxx.com,EVOPLUS LTD,2014-01-05
biz,korean-porn.biz,EVOPLUS LTD.,2014-10-25
com,brutalgaytube.com,EVOPLUS LTD,2015-05-25
net,amateur-mature.net,EVOPLUS LTD,2014-11-07
com,lesbian69tube.com,EVOPLUS LTD,2014-11-15
com,ifree-porn.com,EVOPLUS LTD,2015-01-21
net,liversian.net,EVOPLUS LTD,2014-12-01
info,hereisno.info,EvoPlus Ltd. (R589-LRMS),2015-07-30
com,brandytube.com,EVOPLUS LTD,2014-11-05
com,famousadultcartoons.com,EVOPLUS LTD,2014-11-20
org,japanpornsex.org,EvoPlus Ltd. (R1823-LROR),2014-09-04
com,allpornhdteen.com,EVOPLUS LTD,2015-04-08
xxx,erolash.xxx,EvoPlus Ltd. (R3298-AGRS),2014-11-26
com,momboy-tube.com,EVOPLUS LTD,2014-12-04
net,ru-cats.net,EVOPLUS LTD,2014-10-30
com,bbw-anal-tube.com,EVOPLUS LTD,2014-09-04
net,porninterracial.net,EVOPLUS LTD,2015-02-16
com,pornatom.com,EVOPLUS LTD,2015-03-15
com,homeloveworld.com,EVOPLUS LTD,2015-07-04
net,africantube.net,EVOPLUS LTD,2014-11-07
net,desiindianporn.net,EVOPLUS LTD,2014-12-14
com,hardfuckedtube.com,EVOPLUS LTD,2014-11-18
com,gaymansextoy.com,EVOPLUS LTD,2015-02-16
com,tamilsluts.com,EVOPLUS LTD,2014-11-20
com,bannersbr.com,EVOPLUS LTD,2015-03-18
com,pickedmovies.com,EVOPLUS LTD,2014-11-27
com,exploitedmilf.com,EVOPLUS LTD,2014-11-18
xxx,teensextube.xxx,EvoPlus Ltd. (R3298-AGRS),2015-01-17
com,fuck-ok.com,EVOPLUS LTD,2015-01-01
com,ghostporntube.com,EVOPLUS LTD,2015-02-13
com,video-porns.com,EVOPLUS LTD,2014-11-26
com,hotpornofilm.com,EVOPLUS LTD,2014-12-23
com,realwebcamvideo.com,EVOPLUS LTD,2014-10-28
net,liversal.net,EVOPLUS LTD,2014-09-08
com,fapplace.com,EVOPLUS LTD,2015-02-01
biz,germanporntube.biz,EVOPLUS LTD.,2015-02-04
net,indian-beauties.net,EVOPLUS LTD,2015-06-15
org,bbw-porn.org,EvoPlus Ltd. (R1823-LROR),2015-05-02
com,all-gay-video.com,EVOPLUS LTD,2015-03-29
com,xxxmatureass.com,EVOPLUS LTD,2014-10-23
com,lonemoms.com,EVOPLUS LTD,2015-06-16
com,myadultclips.com,EVOPLUS LTD,2014-01-24
com,grannytubevideos.com,EVOPLUS LTD,2015-03-16
com,freetwinksex.com,EVOPLUS LTD,2015-04-05
org,writingclub.org,EvoPlus Ltd. (R1823-LROR),2015-02-25
com,allcarsportal.com,EVOPLUS LTD,2014-02-07
com,japanese-girl-tube.com,EVOPLUS LTD,2014-11-23
com,pussyxxxvideos.com,EVOPLUS LTD,2014-11-08
net,cappadociaavanoshotel.net,EVOPLUS LTD,2015-03-27
com,fleshforfuck.com,EVOPLUS LTD,2015-01-03
com,openfucktube.com,EVOPLUS LTD,2015-04-25
com,getmysperm.com,EVOPLUS LTD,2014-11-01
net,pakistanisextube.net,EVOPLUS LTD,2014-11-17
com,hotteensexhd.com,EVOPLUS LTD,2014-10-12
org,lepta.org,EvoPlus Ltd. (R1823-LROR),2014-11-03
com,herenextdoor.com,EVOPLUS LTD,2015-05-24
com,tuberealm.com,EVOPLUS LTD,2015-06-03
com,grandasiantube.com,EVOPLUS LTD,2015-03-16
org,relaxporn.org,EvoPlus Ltd. (R1823-LROR),2015-04-06
com,best-adult-free-cams.com,EVOPLUS LTD,2014-11-09
com,younglesbianstube.com,EVOPLUS LTD,2014-09-04
com,hugemaletube.com,EVOPLUS LTD,2014-11-07
com,kittyxxxtube.com,EVOPLUS LTD,2015-03-19
com,lustfish.com,EVOPLUS LTD,2015-01-10
com,gaycious.com,EVOPLUS LTD,2015-06-06
com,japanesebeautiestube.com,EVOPLUS LTD,2015-03-22
com,nester-shop.com,EVOPLUS LTD,2016-01-04
com,madvagina.com,EVOPLUS LTD,2014-10-26
com,amateur-lesbians-tube.com,EVOPLUS LTD,2015-03-19
com,fuckalarm.com,EVOPLUS LTD,2014-09-08
info,getdatanetukscan.info,EvoPlus Ltd. (R589-LRMS),2014-12-03
com,justfucktube.com,EVOPLUS LTD,2014-11-22
org,fattube.org,EvoPlus Ltd. (R1823-LROR),2014-11-19
com,xxnl.com,EVOPLUS LTD,2015-01-13
com,redstartube.com,EVOPLUS LTD,2014-10-27
net,hot-lesbian-sex.net,EVOPLUS LTD,2014-11-10
com,paypal-kundenverification.com,EVOPLUS LTD,2014-02-10
com,asspissvideo.com,EVOPLUS LTD,2014-10-15
com,depravedjapantube.com,EVOPLUS LTD,2015-04-08
com,1blacktube.com,EVOPLUS LTD,2014-12-30
com,hotasiangirlsxxx.com,EVOPLUS LTD,2014-10-20
com,coolpornclips.com,EVOPLUS LTD,2015-01-13
com,bluexhamster.com,EVOPLUS LTD,2014-09-06
info,24xxx.info,EvoPlus Ltd. (R589-LRMS),2015-03-10
com,poprikoly.com,EVOPLUS LTD,2015-05-16
com,smutretro.com,EVOPLUS LTD,2015-05-10
org,older-woman.org,EvoPlus Ltd. (R1823-LROR),2014-11-13
com,coolgaystube.com,EVOPLUS LTD,2014-10-20
com,indianpornvideotube.com,EVOPLUS LTD,2014-09-05
com,japanese-sex-tube.com,EVOPLUS LTD,2015-06-25
com,allgirlspeeing.com,EVOPLUS LTD,2014-11-09
com,matureyoutube.com,EVOPLUS LTD,2014-11-15
com,chaseporn.com,EVOPLUS LTD,2014-11-21
com,gayvideosz.com,EVOPLUS LTD,2014-11-05
org,african-girls.org,EvoPlus Ltd. (R1823-LROR),2014-11-06
com,celeb-private.com,EVOPLUS LTD,2015-02-04
net,fagtube.net,EVOPLUS LTD,2015-05-07
org,irnis.org,EvoPlus Ltd. (R1823-LROR),2015-03-09
com,porn-ok.com,EVOPLUS LTD,2014-10-17
net,extremegrannytube.net,EVOPLUS LTD,2014-11-15
com,teensnu.com,EVOPLUS LTD,2015-07-25
com,porngladiator.com,EVOPLUS LTD,2014-10-22
org,diabetefree.org,EvoPlus Ltd. (R1823-LROR),2015-04-09
net,amateurhomesexvideo.net,EVOPLUS LTD,2015-02-11
com,indian-anal-sex.com,EVOPLUS LTD,2015-02-22
com,blogkalatu.com,EVOPLUS LTD,2015-01-23
com,bazingatube.com,EVOPLUS LTD,2014-11-27
net,ebony-anal.net,EVOPLUS LTD,2014-11-05
com,thefutahentai.com,EVOPLUS LTD,2014-11-19
com,smuttwinktube.com,EVOPLUS LTD,2015-07-13
com,firstteentube.com,EVOPLUS LTD,2015-04-02
com,pornverified.com,EVOPLUS LTD,2014-11-07
com,gonzohamster.com,EVOPLUS LTD,2014-12-07
com,largeteenstube.com,EVOPLUS LTD,2014-12-20
net,horny-asians.net,EVOPLUS LTD,2014-10-17
net,hqgayvids.net,EVOPLUS LTD,2015-04-07
com,shavedjapanesegirl.com,EVOPLUS LTD,2014-11-09
com,pornoretrotube.com,EVOPLUS LTD,2014-11-16
net,bdsm-video-tube.net,EVOPLUS LTD,2014-10-24
net,lesbian-tubes.net,EVOPLUS LTD,2014-11-02
com,fuckedmama.com,EVOPLUS LTD,2014-12-21
com,hongkongsextube.com,EVOPLUS LTD,2015-01-31
net,movieshentai.net,EVOPLUS LTD,2014-10-29
com,sexualfish.com,EVOPLUS LTD,2014-10-12
com,teensexmovieshd.com,EVOPLUS LTD,2014-10-23
com,1fetishporn.com,EVOPLUS LTD,2014-10-26
com,xxxsea.com,EVOPLUS LTD,2015-02-28
xxx,maturesporntube.xxx,EvoPlus Ltd. (R3298-AGRS),2015-04-08
com,vaginius.com,EVOPLUS LTD,2014-09-05
com,lustdays.com,EVOPLUS LTD,2015-02-27
com,lustflesh.com,EVOPLUS LTD,2014-09-05
com,dreamtwinks.com,EVOPLUS LTD,2014-09-04
com,mp3strana.com,EVOPLUS LTD,2014-11-04
com,porn-fashion.com,EVOPLUS LTD,2014-11-21
com,shemale-porn-tubes.com,EVOPLUS LTD,2014-11-12
com,meds-easy.com,EVOPLUS LTD,2015-03-07
com,3porn4you.com,EVOPLUS LTD,2015-05-28
com,hdfetishtube.com,EVOPLUS LTD,2014-11-12
com,bancurimoldova.com,EVOPLUS LTD,2015-03-19
com,asianhamster.com,EVOPLUS LTD,2014-09-08
com,cd-ads.com,EVOPLUS LTD,2014-11-12
net,young-and-old.net,EVOPLUS LTD,2014-11-02
com,dreamsbeach-hotel.com,EVOPLUS LTD,2014-12-13
org,oldtube.org,EvoPlus Ltd. (R1823-LROR),2015-01-31
biz,secure-intergateway.biz,EVOPLUS LTD.,2014-05-14
com,docsfilms.com,EVOPLUS LTD,2015-07-30
com,dickporntube.com,EVOPLUS LTD,2014-09-03
com,nipvideos.com,EVOPLUS LTD,2015-04-24
org,arabsexvideo.org,EvoPlus Ltd. (R1823-LROR),2014-10-15
com,hardhd.com,EVOPLUS LTD,2014-12-16
com,mamapornoxxx.com,EVOPLUS LTD,2014-11-07
com,pornvideosgo.com,EVOPLUS LTD,2014-12-24
com,fuckmoviesworld.com,EVOPLUS LTD,2015-05-15
com,indianauntyporn.com,EVOPLUS LTD,2014-12-18
com,21porntube.com,EVOPLUS LTD,2014-09-06
com,xnudetube.com,EVOPLUS LTD,2015-03-05
com,srcid.com,EVOPLUS LTD,2016-04-18
com,teenyoungxxx.com,EVOPLUS LTD,2014-11-24
com,fat-teen-porn.com,EVOPLUS LTD,2015-03-11
com,kisspornmovies.com,EVOPLUS LTD,2015-06-23
com,taboogaysex.com,EVOPLUS LTD,2015-06-01
biz,tranny-tube.biz,EVOPLUS LTD.,2015-04-27
com,dogayporn.com,EVOPLUS LTD,2014-11-16
com,best-anti-aging-face-cream.com,EVOPLUS LTD,2016-06-20
com,all-xhamster.com,EVOPLUS LTD,2015-03-24
com,hdtube1.com,EVOPLUS LTD,2015-03-01
com,pimptubed.com,EVOPLUS LTD,2014-10-15
com,nudethumbphoto.com,EVOPLUS LTD,2015-05-21
com,driveprontube.com,EVOPLUS LTD,2015-06-10
org,naebalovo.org,EvoPlus Ltd. (R1823-LROR),2014-10-15
com,numovs.com,EVOPLUS LTD,2014-12-13
biz,indian-porn.biz,EVOPLUS LTD.,2014-10-31
com,21hub.com,EVOPLUS LTD,2014-09-05
com,mylovedmilfs.com,EVOPLUS LTD,2015-05-18
info,bustycats.info,EvoPlus Ltd. (R589-LRMS),2014-11-14
net,asians-nude.net,EVOPLUS LTD,2014-10-17
net,hot-granny.net,EVOPLUS LTD,2014-11-19
net,minetiks.net,EVOPLUS LTD,2015-03-16
com,gremlinsexvideos.com,EVOPLUS LTD,2014-10-15
com,maturesfucktube.com,EVOPLUS LTD,2014-10-15
net,porndesi.net,EVOPLUS LTD,2014-11-15
com,funkysextube.com,EVOPLUS LTD,2014-10-31
com,ladylana.com,EVOPLUS LTD,2014-11-08
com,agedxxxtube.com,EVOPLUS LTD,2015-01-10
net,myvintagetube.net,EVOPLUS LTD,2015-03-15
net,desisexscandal.net,EVOPLUS LTD,2015-01-30
com,ayaxi.com,EVOPLUS LTD,2015-02-02
net,indianporntubes.net,EVOPLUS LTD,2014-09-04
net,liversity.net,EVOPLUS LTD,2014-10-14
com,youngteensexhd.com,EVOPLUS LTD,2015-01-25
com,videosection.com,EVOPLUS LTD,2014-12-26
org,youngteenporntube.org,EvoPlus Ltd. (R1823-LROR),2014-11-10
com,soloteenxxx.com,EVOPLUS LTD,2015-02-01
net,extreme-granny-tube.net,EVOPLUS LTD,2014-11-18
com,suntenerife.com,EVOPLUS LTD,2015-06-09
info,lovered.info,EvoPlus Ltd. (R589-LRMS),2014-10-15
com,softcore-girls.com,EVOPLUS LTD,2014-12-21
com,10movs.com,EVOPLUS LTD,2014-11-13
com,oldyounggay.com,EVOPLUS LTD,2014-11-21
net,chinese-girls.net,EVOPLUS LTD,2014-09-07
com,pornojam.com,EVOPLUS LTD,2014-10-12
com,pornoxxxonline.com,EVOPLUS LTD,2014-11-09
com,asianpussyhq.com,EVOPLUS LTD,2014-10-14
com,hardcoresexhd.com,EVOPLUS LTD,2014-12-18
com,lustfulcoffee.com,EVOPLUS LTD,2015-01-19
com,booksamilions.com,EVOPLUS LTD,2015-07-07
biz,paysecure-ing.biz,EVOPLUS LTD.,2014-05-25
com,retrojerks.com,EVOPLUS LTD,2014-10-29
com,oldchiks.com,EVOPLUS LTD,2014-12-19
com,omamaturetube.com,EVOPLUS LTD,2014-09-08
com,gotgayporntube.com,EVOPLUS LTD,2015-02-24
com,xstreamclips.com,EVOPLUS LTD,2015-07-20
com,thai-porn-tube.com,EVOPLUS LTD,2014-09-06
com,freesexbbw.com,EVOPLUS LTD,2014-11-03
com,devilsgals.com,EVOPLUS LTD,2015-01-06
com,wankcraft.com,EVOPLUS LTD,2015-04-05
com,sexmitaltenfrauen.com,EVOPLUS LTD,2014-11-28
com,davoyeur.com,EVOPLUS LTD,2015-04-12
info,kosy.info,EvoPlus Ltd. (R589-LRMS),2015-05-07
net,moms-porno.net,EVOPLUS LTD,2014-10-16
com,candytwinks.com,EVOPLUS LTD,2015-05-18
com,xxxalarm.com,EVOPLUS LTD,2014-10-21
com,jessiporno.com,EVOPLUS LTD,2015-02-10
info,tubeum.info,EvoPlus Ltd. (R589-LRMS),2014-12-01
com,hqhomemadevideos.com,EVOPLUS LTD,2015-06-02
net,asianorgytube.net,EVOPLUS LTD,2014-12-23
net,twink-gay-tube.net,EVOPLUS LTD,2014-09-08
com,beautiful-bodies.com,EVOPLUS LTD,2015-05-13
net,glamour-models.net,EVOPLUS LTD,2015-06-16
com,dirtydrawing.com,EVOPLUS LTD,2014-12-04
com,hdtubevideos.com,EVOPLUS LTD,2014-11-10
com,pornsexo.com,EVOPLUS LTD,2014-11-20
com,21centurytube.com,EVOPLUS LTD,2014-10-29
com,freeamateurclub.com,EVOPLUS LTD,2014-11-15
com,pornjumper.com,EVOPLUS LTD,2014-11-29
net,wowteentube.net,EVOPLUS LTD,2014-11-16
com,hot-asian-porn.com,EVOPLUS LTD,2015-03-09
com,tabooasiantube.com,EVOPLUS LTD,2015-04-10
com,athensparkradissonblu.com,EVOPLUS LTD,2014-10-06
com,tightporntube.com,EVOPLUS LTD,2015-03-13
biz,mujeresdesnudas.biz,EVOPLUS LTD.,2015-03-01
com,wetsextube.com,EVOPLUS LTD,2014-11-13
com,largecamtube.com,EVOPLUS LTD,2015-02-06
com,tubewagon.com,EVOPLUS LTD,2015-02-22
com,amoralvideos.com,EVOPLUS LTD,2014-09-04
com,privatetubevideos.com,EVOPLUS LTD,2014-09-04
xxx,sexmovieshd.xxx,EvoPlus Ltd. (R3298-AGRS),2014-10-15
net,gayasianporntube.net,EVOPLUS LTD,2015-01-15
com,dekormarketi.com,EVOPLUS LTD,2015-02-26
net,indian-women.net,EVOPLUS LTD,2014-11-07
com,hardcategories.com,EVOPLUS LTD,2014-11-21
com,planetpornvideos.com,EVOPLUS LTD,2015-01-07
com,collegepornhd.com,EVOPLUS LTD,2015-07-09
xxx,hdhq.xxx,EvoPlus Ltd. (R3298-AGRS),2015-05-06
com,cute-asian.com,EVOPLUS LTD,2015-07-12
com,sexfreedomtube.com,EVOPLUS LTD,2014-12-25
biz,zias.biz,EVOPLUS LTD.,2015-03-16
com,imdrops.com,EVOPLUS LTD,2015-04-16
info,tubuz.info,EvoPlus Ltd. (R589-LRMS),2014-10-17
com,propbn.com,EVOPLUS LTD,2015-07-30
com,myoldgrannies.com,EVOPLUS LTD,2014-11-28
com,fuckerville.com,EVOPLUS LTD,2015-04-16
com,young-lesbian.com,EVOPLUS LTD,2014-11-14
com,trannytubeshemale.com,EVOPLUS LTD,2015-01-20
com,trannysupervisor.com,EVOPLUS LTD,2014-10-23
com,twinksmix.com,EVOPLUS LTD,2014-10-13
com,fapgays.com,EVOPLUS LTD,2015-06-18
org,ukremb-tm.org,EvoPlus Ltd. (R1823-LROR),2015-03-10
com,mymomstube.com,EVOPLUS LTD,2014-11-04
com,mainsextube.com,EVOPLUS LTD,2015-02-24
com,tube4us.com,EVOPLUS LTD,2014-10-29
com,retroxtube.com,EVOPLUS LTD,2015-01-07
net,indiansexscandal.net,EVOPLUS LTD,2014-09-09
net,magicmature.net,EVOPLUS LTD,2015-06-11
com,3porn4me.com,EVOPLUS LTD,2014-11-12
net,girls-with-muscle.net,EVOPLUS LTD,2015-05-22
com,forcedtowitness.com,EVOPLUS LTD,2015-05-16
org,indian-sex.org,EvoPlus Ltd. (R1823-LROR),2014-10-28
com,fpmap.com,EVOPLUS LTD,2015-05-03
com,sweetteengirls.com,EVOPLUS LTD,2015-01-02
net,unitial.net,EVOPLUS LTD,2015-01-24
net,indiasextube.net,EVOPLUS LTD,2014-09-07
com,freeczechcasting.com,EVOPLUS LTD,2015-05-21
com,xnxxretro.com,EVOPLUS LTD,2015-04-16
com,crabporn.com,EVOPLUS LTD,2014-10-15
net,bestretrosex.net,EVOPLUS LTD,2014-09-07
net,bluegaytube.net,EVOPLUS LTD,2015-04-24
net,russian-models.net,EVOPLUS LTD,2015-06-16
org,anal-teen.org,EvoPlus Ltd. (R1823-LROR),2014-11-04
com,i-sux.com,EVOPLUS LTD,2014-09-04
com,wankhelper.com,EVOPLUS LTD,2015-02-22
com,jizzporntube.com,EVOPLUS LTD,2015-02-05
biz,index-top-20.biz,EVOPLUS LTD.,2014-10-22
net,free-shemale-tube.net,EVOPLUS LTD,2015-07-27
com,tubanuba.com,EVOPLUS LTD,2014-11-02
com,hdjapansex.com,EVOPLUS LTD,2014-11-09
biz,lesbiche.biz,EVOPLUS LTD.,2015-06-09
xxx,hdready.xxx,EvoPlus Ltd. (R3298-AGRS),2014-11-03
com,sensualmoms.com,EVOPLUS LTD,2015-01-18
com,youngmommyfuckers.com,EVOPLUS LTD,2014-11-16
biz,milf-anal.biz,EVOPLUS LTD.,2015-01-11
com,findyourbestnow.com,EVOPLUS LTD,2015-03-05
net,ebony-teens.net,EVOPLUS LTD,2014-11-21
com,karupsoid.com,EVOPLUS LTD,2014-11-13
com,fucktwinktube.com,EVOPLUS LTD,2015-05-08
com,lesbian-lovers-tube.com,EVOPLUS LTD,2015-01-23
org,gayvideotube.org,EvoPlus Ltd. (R1823-LROR),2014-10-31
com,egyptiansextube.com,EVOPLUS LTD,2014-11-23
com,czechcastingpics.com,EVOPLUS LTD,2015-05-22
com,eronew.com,EVOPLUS LTD,2014-10-18
com,goldfetishtube.com,EVOPLUS LTD,2014-10-15
net,ebony-amateur.net,EVOPLUS LTD,2014-11-06
net,momboyfuck.net,EVOPLUS LTD,2015-04-26
com,pornete.com,EVOPLUS LTD,2015-03-27
com,teen-shemale-tube.com,EVOPLUS LTD,2014-12-20
org,freefatporn.org,EvoPlus Ltd. (R1823-LROR),2015-05-06
com,wstube.com,EVOPLUS LTD,2015-07-16
com,xvideosdaily.com,EVOPLUS LTD,2015-01-08
com,momfucksonmovies.com,EVOPLUS LTD,2015-05-13
com,cheating-matures.com,EVOPLUS LTD,2015-05-12
com,sexrulez.com,EVOPLUS LTD,2014-11-05
com,icesextube.com,EVOPLUS LTD,2014-10-31
com,tubewho.com,EVOPLUS LTD,2015-04-03
net,hindiporntube.net,EVOPLUS LTD,2014-12-19
com,hotgfmelons.com,EVOPLUS LTD,2014-11-01
com,homesexland.com,EVOPLUS LTD,2014-09-07
com,wildasiantube.com,EVOPLUS LTD,2014-11-19
com,verytwinks.com,EVOPLUS LTD,2015-04-30
com,wildretrofuck.com,EVOPLUS LTD,2015-04-05
com,freepeoplesex.com,EVOPLUS LTD,2014-11-10
com,japan-sex-tube.com,EVOPLUS LTD,2014-10-18
com,lewdmothers.com,EVOPLUS LTD,2015-01-15
org,boyfuckmom.org,EvoPlus Ltd. (R1823-LROR),2015-07-18
com,sexyboobsporn.com,EVOPLUS LTD,2015-02-20
com,mature-wife-tube.com,EVOPLUS LTD,2015-02-28
net,ebonysextubes.net,EVOPLUS LTD,2015-02-05
org,indiandesiporn.org,EvoPlus Ltd. (R1823-LROR),2014-12-01
com,eroway.com,EVOPLUS LTD,2015-02-24
com,myoldiestube.com,EVOPLUS LTD,2014-09-08
com,tubenube.com,EVOPLUS LTD,2014-12-04
com,jizzez.com,EVOPLUS LTD,2014-12-18
net,file2go.net,EVOPLUS LTD,2015-08-07
com,fuckocean.com,EVOPLUS LTD,2015-01-05
com,herehardcore.com,EVOPLUS LTD,2015-05-15
com,ahvintage.com,EVOPLUS LTD,2014-10-19
com,amandahome.com,EVOPLUS LTD,2014-12-29
com,sureporno.com,EVOPLUS LTD,2015-02-11
com,gay-hunk-orgy.com,EVOPLUS LTD,2015-03-04
com,gibsondalecheese.com,EVOPLUS LTD,2015-07-08
com,arrtf.com,EVOPLUS LTD,2016-07-20
com,younggirls-sex.com,EVOPLUS LTD,2015-04-08
org,lesbianshavingsex.org,EvoPlus Ltd. (R1823-LROR),2014-10-14
com,teenassestube.com,EVOPLUS LTD,2014-12-29
com,youtubelike.com,EVOPLUS LTD,2014-11-16
com,asianpornjapan.com,EVOPLUS LTD,2014-09-04
com,mylovedlatina.com,EVOPLUS LTD,2015-05-15
com,gallant-matures.com,EVOPLUS LTD,2016-05-30
com,porn-maniacs.com,EVOPLUS LTD,2015-05-21
com,younghairyvagina.com,EVOPLUS LTD,2015-05-26
xxx,nur.xxx,EvoPlus Ltd. (R3298-AGRS),2015-06-26
com,timelessporn.com,EVOPLUS LTD,2015-01-15
com,hdcollegesex.com,EVOPLUS LTD,2014-09-07
net,nakedlesbian.net,EVOPLUS LTD,2015-02-13
com,oldmenlittlegirls.com,EVOPLUS LTD,2014-10-23
net,bustyasianporn.net,EVOPLUS LTD,2014-10-31
com,originaltubes.com,EVOPLUS LTD,2014-11-03
com,classicxmovies.com,EVOPLUS LTD,2014-10-20
info,shopdx.info,EvoPlus Ltd. (R589-LRMS),2015-04-27
com,indianboobstube.com,EVOPLUS LTD,2014-09-06
com,xfactor-ua.com,EVOPLUS LTD,2015-05-28
com,japanese-sex-tubes.com,EVOPLUS LTD,2014-10-19
com,1indiansextube.com,EVOPLUS LTD,2015-01-27
net,maturesexxxx.net,EVOPLUS LTD,2015-01-27
xxx,nexttube.xxx,EvoPlus Ltd. (R3298-AGRS),2014-11-04
com,bad-fuck.com,EVOPLUS LTD,2015-04-06
biz,chubbyporn.biz,EVOPLUS LTD.,2014-10-28
org,indiansexsites.org,EvoPlus Ltd. (R1823-LROR),2014-11-11
com,18teenpornotube.com,EVOPLUS LTD,2014-11-12
com,allsexclips.com,EVOPLUS LTD,2015-02-17
net,wescfcu.net,EVOPLUS LTD,2015-03-09
net,granny-galleries.net,EVOPLUS LTD,2014-11-07
org,asianxxxtube.org,EvoPlus Ltd. (R1823-LROR),2015-04-03
com,youryoungsex.com,EVOPLUS LTD,2015-03-20
com,mypublicgfvideos.com,EVOPLUS LTD,2014-10-18
com,21porno.com,EVOPLUS LTD,2014-12-02
com,openorgasm.com,EVOPLUS LTD,2015-06-26
net,bollywoodxxxmovies.net,EVOPLUS LTD,2014-11-06
net,granny-thumbs.net,EVOPLUS LTD,2014-11-07
com,fffporn.com,EVOPLUS LTD,2015-01-12
net,pakistanixxxtube.net,EVOPLUS LTD,2014-10-21
com,pinksextube.com,EVOPLUS LTD,2014-10-28
com,monsteercurves.com,EVOPLUS LTD,2015-01-31
com,myiphonedetected.com,EVOPLUS LTD,2016-07-04
com,ok-porn.com,EVOPLUS LTD,2014-10-16
net,maturefuckboy.net,EVOPLUS LTD,2015-04-10
org,factograph.org,EvoPlus Ltd. (R1823-LROR),2015-06-11
com,wildsexymen.com,EVOPLUS LTD,2014-11-04
com,yepporn.com,EVOPLUS LTD,2015-05-27
com,paypal-invest.com,EVOPLUS LTD,2015-06-21
com,tubegogo.com,EVOPLUS LTD,2014-11-24
com,nailedhard.com,EVOPLUS LTD,2014-10-22
com,arabpussytube.com,EVOPLUS LTD,2014-10-29
net,milfs-tube.net,EVOPLUS LTD,2015-07-04
com,slutfish.com,EVOPLUS LTD,2014-12-18
com,adulterfree.com,EVOPLUS LTD,2015-01-10
com,videosclassic.com,EVOPLUS LTD,2014-09-03
xxx,tubepornhd.xxx,EvoPlus Ltd. (R3298-AGRS),2014-12-03
com,hotbigtube.com,EVOPLUS LTD,2014-12-16
com,stepmomstube.com,EVOPLUS LTD,2014-10-15
name,korrektor.name,EvoPlus Ltd,2015-04-06
com,website-trust.com,EVOPLUS LTD,2014-10-28
com,indianteenstube.com,EVOPLUS LTD,2014-11-13
com,catchporn.com,EVOPLUS LTD,2014-11-07
com,sakemovies.com,EVOPLUS LTD,2014-09-03
com,advakom.com,EVOPLUS LTD,2015-03-12
biz,gay-video.biz,EVOPLUS LTD.,2015-07-15
com,oldermomtube.com,EVOPLUS LTD,2015-01-14
com,momsexclipz.com,EVOPLUS LTD,2014-09-06
com,jocks-n-cocks.com,EVOPLUS LTD,2014-11-17
com,mom-sex-tube.com,EVOPLUS LTD,2014-10-26
com,ghostvidstube.com,EVOPLUS LTD,2015-06-19
com,immoralteen.com,EVOPLUS LTD,2014-11-05
info,beautymask.info,EvoPlus Ltd. (R589-LRMS),2015-01-12
com,orgygaytube.com,EVOPLUS LTD,2015-06-05
xxx,teenpornvideo.xxx,EvoPlus Ltd. (R3298-AGRS),2015-07-25
com,lesbisexmovies.com,EVOPLUS LTD,2015-07-23
info,hondurasmorazanica.info,EvoPlus Ltd. (R589-LRMS),2015-03-07
com,youngtrannytube.com,EVOPLUS LTD,2014-10-22
com,6-iphones.com,EVOPLUS LTD,2015-07-05
com,taboofucktube.com,EVOPLUS LTD,2015-06-14
com,gsthumbs.com,EVOPLUS LTD,2014-12-18
biz,sexocaseiro.biz,EVOPLUS LTD.,2015-01-26
com,gogrannytube.com,EVOPLUS LTD,2014-09-04
com,tshdv.com,EVOPLUS LTD,2014-11-01
com,relaxteen.com,EVOPLUS LTD,2014-11-18
com,boys-try-moms.com,EVOPLUS LTD,2015-06-16
net,pixasa.net,EVOPLUS LTD,2015-01-15
com,gfslab.com,EVOPLUS LTD,2015-01-10
info,russianchicks.info,EvoPlus Ltd. (R589-LRMS),2014-09-07
com,sexytwinkboy.com,EVOPLUS LTD,2015-07-27
com,diatan.com,EVOPLUS LTD,2015-01-09
com,sextubestar.com,EVOPLUS LTD,2015-02-13
com,lesbianwank.com,EVOPLUS LTD,2014-11-24
com,porncheckorg.com,EVOPLUS LTD,2015-01-11
net,asianxxxvideo.net,EVOPLUS LTD,2015-04-18
com,clipsvintage.com,EVOPLUS LTD,2014-09-04
org,sexdesi.org,EvoPlus Ltd. (R1823-LROR),2014-12-04
com,avtotrans.com,EVOPLUS LTD,2015-02-03
com,big-tits-free.com,EVOPLUS LTD,2014-11-30
com,video18porn.com,EVOPLUS LTD,2014-12-01
biz,photoporno.biz,EVOPLUS LTD.,2014-11-01
com,xxxlsextube.com,EVOPLUS LTD,2015-01-23
com,vptbn.com,EVOPLUS LTD,2015-05-15
com,hairygrannytube.com,EVOPLUS LTD,2015-01-31
com,givememoms.com,EVOPLUS LTD,2014-10-31
net,hottubevids.net,EVOPLUS LTD,2015-05-28
xxx,finevids.xxx,EvoPlus Ltd. (R3298-AGRS),2015-02-10
net,japanese-tubes.net,EVOPLUS LTD,2014-10-31
com,sextubelife.com,EVOPLUS LTD,2014-11-22
com,amateur-adult-site.com,EVOPLUS LTD,2015-06-24
info,geilefrauen.info,EvoPlus Ltd. (R589-LRMS),2015-02-18
com,recipeschefe.com,EVOPLUS LTD,2015-03-15
com,zzztube.com,EVOPLUS LTD,2014-10-21
com,bossporntube.com,EVOPLUS LTD,2014-11-04
com,100mattresses.com,EVOPLUS LTD,2015-07-17
biz,secure-integateway.biz,EVOPLUS LTD.,2014-05-14
com,bigcockgaysex.com,EVOPLUS LTD,2014-10-26
com,sex-nylon-sex.com,EVOPLUS LTD,2014-11-04
net,twink-tubes.net,EVOPLUS LTD,2015-01-12
com,mylovedvideo.com,EVOPLUS LTD,2014-09-09
net,sims4planet.net,EVOPLUS LTD,2014-11-19
com,slutflesh.com,EVOPLUS LTD,2014-12-31
com,xxx-ok.com,EVOPLUS LTD,2014-09-05
com,feellust.com,EVOPLUS LTD,2015-01-19
com,herebutts.com,EVOPLUS LTD,2015-05-13
com,5thcontinent.com,EVOPLUS LTD,2015-05-06
net,sexlew.net,EVOPLUS LTD,2015-07-31
com,asianfuckclips.com,EVOPLUS LTD,2015-07-15
org,timsexmov.org,EvoPlus Ltd. (R1823-LROR),2014-10-12
org,ghetto-porn.org,EvoPlus Ltd. (R1823-LROR),2015-02-18
com,truexvideos.com,EVOPLUS LTD,2015-04-17
net,hotmaturetube.net,EVOPLUS LTD,2014-10-16
com,xxx-stop.com,EVOPLUS LTD,2014-10-17
com,bdsmwhipslave.com,EVOPLUS LTD,2014-12-09
net,asianteenytubes.net,EVOPLUS LTD,2014-10-15
com,youngteenpornhd.com,EVOPLUS LTD,2014-09-05
com,naomikiss.com,EVOPLUS LTD,2014-12-28
xxx,teensfuck.xxx,EvoPlus Ltd. (R3298-AGRS),2015-02-28
com,fbb222reporter.com,EVOPLUS LTD,2015-01-09
com,amandapics.com,EVOPLUS LTD,2014-12-14
com,smutmomtube.com,EVOPLUS LTD,2014-10-12
com,amateurslutsuck.com,EVOPLUS LTD,2015-03-24
com,porndinosaur.com,EVOPLUS LTD,2015-04-13
com,tubepornup.com,EVOPLUS LTD,2015-05-23
com,hot-sex-mom.com,EVOPLUS LTD,2015-06-24
com,spermyporn.com,EVOPLUS LTD,2014-10-31
biz,varvar.biz,EVOPLUS LTD.,2015-04-11
net,bbwsite.net,EVOPLUS LTD,2015-01-03
xxx,ujizz.xxx,EvoPlus Ltd. (R3298-AGRS),2014-11-04
com,thejapansex.com,EVOPLUS LTD,2014-10-16
com,homemadepornhd.com,EVOPLUS LTD,2015-04-18
com,bathardcore.com,EVOPLUS LTD,2014-09-04
net,xxx-hunks.net,EVOPLUS LTD,2015-07-29
org,freegrannytube.org,EvoPlus Ltd. (R1823-LROR),2015-02-13
net,freegrannyporntube.net,EVOPLUS LTD,2014-10-25
com,japansextubehd.com,EVOPLUS LTD,2014-09-04
com,mybestbride.com,EVOPLUS LTD,2014-05-04
net,amateur-lesbian.net,EVOPLUS LTD,2015-04-08
com,desiredflesh.com,EVOPLUS LTD,2015-06-26
net,crossdressersporn.net,EVOPLUS LTD,2015-04-17
com,hqhard.com,EVOPLUS LTD,2015-01-24
biz,porn-galaxy.biz,EVOPLUS LTD.,2015-01-30
com,taboomaturetube.com,EVOPLUS LTD,2015-07-03
com,smutgaytube.com,EVOPLUS LTD,2015-04-15
xxx,teentits.xxx,EvoPlus Ltd. (R3298-AGRS),2015-05-16
com,japanesetubehd.com,EVOPLUS LTD,2014-12-21
com,tubelady.com,EVOPLUS LTD,2015-04-11
com,adultdating5.com,EVOPLUS LTD,2015-06-29
com,fapretro.com,EVOPLUS LTD,2014-10-19
com,porn-galls.com,EVOPLUS LTD,2015-03-31
com,yourpassiontube.com,EVOPLUS LTD,2014-10-31
com,fastxxxtube.com,EVOPLUS LTD,2014-11-02
xxx,i18.xxx,EvoPlus Ltd. (R3298-AGRS),2015-07-08
com,olimptraffic.com,EVOPLUS LTD,2015-05-30
com,fatfuckfilms.com,EVOPLUS LTD,2015-05-30
com,myfreedownloadsnow.com,EVOPLUS LTD,2015-01-03
com,bongaporn.com,EVOPLUS LTD,2014-11-23
net,land-rover.net,EVOPLUS LTD,2015-01-27
com,wetmaturecunt.com,EVOPLUS LTD,2014-11-20
com,kellystube.com,EVOPLUS LTD,2014-12-19
com,goldasiantube.com,EVOPLUS LTD,2014-11-08
com,milfsclub.com,EVOPLUS LTD,2014-11-10
com,sexsmilf.com,EVOPLUS LTD,2015-03-26
com,ardentmovies.com,EVOPLUS LTD,2015-01-22
com,condomfish.com,EVOPLUS LTD,2015-02-02
name,japaneseporn.name,EvoPlus Ltd,2014-10-17
com,mylovedbutts.com,EVOPLUS LTD,2015-05-15
com,trannymgpz.com,EVOPLUS LTD,2015-03-24
net,moyandroid.net,EVOPLUS LTD,2014-08-24
org,indiansexmovie.org,EvoPlus Ltd. (R1823-LROR),2014-10-24
com,cumsearcher.com,EVOPLUS LTD,2015-06-02
com,familyshock.com,EVOPLUS LTD,2014-12-29
com,maturemilfporntube.com,EVOPLUS LTD,2015-06-01
com,forcedlesbiantube.com,EVOPLUS LTD,2014-09-08
com,fucked-sex.com,EVOPLUS LTD,2014-09-04
com,eroreal.com,EVOPLUS LTD,2014-09-06
com,bbw-milf-tube.com,EVOPLUS LTD,2014-11-03
net,liversions.net,EVOPLUS LTD,2014-11-11
com,indecencytube.com,EVOPLUS LTD,2015-06-05
xxx,xhardcoreporn.xxx,EvoPlus Ltd. (R3298-AGRS),2015-03-03
com,mylovedasses.com,EVOPLUS LTD,2015-04-21
com,otherprofit.com,EVOPLUS LTD,2015-05-23
com,ditatube.com,EVOPLUS LTD,2014-10-28
com,lemonsmature.com,EVOPLUS LTD,2015-06-05
biz,musclegaytube.biz,EVOPLUS LTD.,2014-11-09
biz,secure-paychecks.biz,EVOPLUS LTD.,2014-04-07
com,smutasiantube.com,EVOPLUS LTD,2015-05-12
net,arabsexmovies.net,EVOPLUS LTD,2015-07-27
biz,amateurmilf.biz,EVOPLUS LTD.,2015-02-11
net,umaxsearch.net,EVOPLUS LTD,2014-11-02
com,33yr.com,EVOPLUS LTD,2014-10-26
com,mafuck.com,EVOPLUS LTD,2015-03-27
info,arktika.info,EvoPlus Ltd. (R589-LRMS),2014-05-14
com,racylesbos.com,EVOPLUS LTD,2014-12-23
com,lu-art.com,EVOPLUS LTD,2014-06-09
com,hdasiananalsex.com,EVOPLUS LTD,2014-11-04
com,milfasstube.com,EVOPLUS LTD,2015-01-27
org,vibor-naroda.org,EvoPlus Ltd. (R1823-LROR),2014-03-23
com,tube3xxx.com,EVOPLUS LTD,2014-11-14
com,granny-fucker.com,EVOPLUS LTD,2015-01-19
com,gotoxxxtube.com,EVOPLUS LTD,2014-12-09
com,uaforizm.com,EVOPLUS LTD,2014-09-24
org,maturegaytube.org,EvoPlus Ltd. (R1823-LROR),2015-06-06
com,extremefucktube.com,EVOPLUS LTD,2015-05-09
com,fuck-wife.com,EVOPLUS LTD,2014-10-18
com,africa-naked.com,EVOPLUS LTD,2014-11-28
com,noobteens.com,EVOPLUS LTD,2014-09-08
com,tubezip.com,EVOPLUS LTD,2015-04-16
com,freeteenpornhq.com,EVOPLUS LTD,2015-06-02
com,indianporner.com,EVOPLUS LTD,2014-11-29
com,sweetasiantube.com,EVOPLUS LTD,2014-10-30
com,newfbistatistics.com,EVOPLUS LTD,2015-02-25
com,hotpornfiles.com,EVOPLUS LTD,2014-11-19
com,bigsexlist.com,EVOPLUS LTD,2014-11-26
com,maturenudiststube.com,EVOPLUS LTD,2015-06-08
com,momboyfucktube.com,EVOPLUS LTD,2015-04-17
xxx,hotpornvids.xxx,EvoPlus Ltd. (R3298-AGRS),2015-02-24
com,lustplace.com,EVOPLUS LTD,2014-10-24
com,xtubesboys.com,EVOPLUS LTD,2014-10-13
com,fuckfishing.com,EVOPLUS LTD,2014-12-08
com,ursitoareshow.com,EVOPLUS LTD,2014-10-03
com,18-schoolgirlz.com,EVOPLUS LTD,2014-11-03
org,korean-tube.org,EvoPlus Ltd. (R1823-LROR),2014-10-16
com,sushicunt.com,EVOPLUS LTD,2014-11-28
info,nipvideos.info,EvoPlus Ltd. (R589-LRMS),2014-10-12
com,freshebonytubes.com,EVOPLUS LTD,2016-05-17
xxx,tube18.xxx,EvoPlus Ltd. (R3298-AGRS),2014-12-07
com,arabporntubes.com,EVOPLUS LTD,2014-12-10
net,hairy-mature.net,EVOPLUS LTD,2014-11-10
com,ahoriental.com,EVOPLUS LTD,2015-05-02
com,mature-sex-tubes.com,EVOPLUS LTD,2014-10-30
com,sluttynet.com,EVOPLUS LTD,2015-02-16
com,lesbian-orgy-tube.com,EVOPLUS LTD,2014-10-13
com,virtualsexovertheinternet.com,EVOPLUS LTD,2015-04-03
com,porntubebest.com,EVOPLUS LTD,2014-10-23
com,cute-shemales.com,EVOPLUS LTD,2015-03-22
com,asian-tube-hd.com,EVOPLUS LTD,2014-09-08
com,lewdindians.com,EVOPLUS LTD,2015-01-14
com,2gayboys.com,EVOPLUS LTD,2015-03-15
com,olateentube.com,EVOPLUS LTD,2015-01-20
com,gaytubegod.com,EVOPLUS LTD,2015-05-12
net,gaytubeclips.net,EVOPLUS LTD,2014-11-16
com,about-st-petersburg.com,EVOPLUS LTD,2015-03-27
com,1-tn.com,EVOPLUS LTD,2015-03-11
com,gayboytwink.com,EVOPLUS LTD,2015-06-23
org,freelesbianmovies.org,EvoPlus Ltd. (R1823-LROR),2014-10-23
com,bluegayathletes.com,EVOPLUS LTD,2015-02-23
com,hotgirlswetpanties.com,EVOPLUS LTD,2014-12-11
net,italianporntube.net,EVOPLUS LTD,2014-10-25
info,ivewin.info,EvoPlus Ltd. (R589-LRMS),2014-11-22
xxx,myhd.xxx,EvoPlus Ltd. (R3298-AGRS),2014-12-03
net,asianfucktube.net,EVOPLUS LTD,2015-06-28
org,asiantubes.org,EvoPlus Ltd. (R1823-LROR),2014-10-17
info,datafastguru.info,EvoPlus Ltd. (R589-LRMS),2015-02-17
org,mitsubishi-asx.org,EvoPlus Ltd. (R1823-LROR),2015-01-18
com,taboomom.com,EVOPLUS LTD,2015-06-06
com,damagetube.com,EVOPLUS LTD,2014-09-06
org,southindianporn.org,EvoPlus Ltd. (R1823-LROR),2014-10-28
com,findhour.com,EVOPLUS LTD,2014-10-17
net,punkrockgirlfriend.net,EVOPLUS LTD,2015-04-16
org,indianlesbians.org,EvoPlus Ltd. (R1823-LROR),2014-10-21
net,czechcastingpics.net,EVOPLUS LTD,2015-05-23
com,goodvintagetube.com,EVOPLUS LTD,2014-12-03
com,sex-mama.com,EVOPLUS LTD,2015-01-14
com,greatshemale.com,EVOPLUS LTD,2014-09-05
com,pornlivenews.com,EVOPLUS LTD,2014-11-29
net,japanesegirltube.net,EVOPLUS LTD,2014-09-05
com,freegrannyfucking.com,EVOPLUS LTD,2015-02-02
com,toogoodporn.com,EVOPLUS LTD,2014-12-25
com,xx1t.com,EVOPLUS LTD,2015-04-29
com,hardsexservice.com,EVOPLUS LTD,2014-11-14
com,21pron.com,EVOPLUS LTD,2014-11-22
net,dirtygranny.net,EVOPLUS LTD,2015-03-09
com,gaytubemature.com,EVOPLUS LTD,2014-10-21
com,dbxxxdb.com,EVOPLUS LTD,2015-05-18
com,lesbopleasure.com,EVOPLUS LTD,2014-10-24
xxx,sextubehd.xxx,EvoPlus Ltd. (R3298-AGRS),2014-10-22
com,redtubeasian.com,EVOPLUS LTD,2015-01-09
com,muscle-gay-tube.com,EVOPLUS LTD,2015-03-19
com,momwank.com,EVOPLUS LTD,2015-01-26
biz,scriptz.biz,EVOPLUS LTD.,2014-10-31
org,ilovepain.org,EvoPlus Ltd. (R1823-LROR),2014-11-08
org,pornthai.org,EvoPlus Ltd. (R1823-LROR),2014-12-25
com,sexheaventube.com,EVOPLUS LTD,2014-11-23
com,sexwide.com,EVOPLUS LTD,2014-10-21
net,btcvault.net,EVOPLUS LTD,2015-05-08
net,milfstube.net,EVOPLUS LTD,2015-04-24
com,oggylist.com,EVOPLUS LTD,2015-04-19
net,teentitsvideos.net,EVOPLUS LTD,2015-03-03
com,twink-tubes.com,EVOPLUS LTD,2015-01-13
net,japanesepornotube.net,EVOPLUS LTD,2015-02-22
com,realhomefuck.com,EVOPLUS LTD,2015-02-26
com,tube-for-me.com,EVOPLUS LTD,2015-05-28
com,vaginko.com,EVOPLUS LTD,2014-11-29
com,cumvideotube.com,EVOPLUS LTD,2014-11-24
org,granny-anal.org,EvoPlus Ltd. (R1823-LROR),2014-12-11
com,101jav.com,EVOPLUS LTD,2015-08-03
org,diabetesfre.org,EvoPlus Ltd. (R1823-LROR),2015-03-18
com,3dsexmonsters.com,EVOPLUS LTD,2014-11-04
net,pornmov.net,EVOPLUS LTD,2014-10-22
org,big-boobs-tube.org,EvoPlus Ltd. (R1823-LROR),2015-02-01
com,mature-tits-tube.com,EVOPLUS LTD,2015-04-28
org,japanesepornxxx.org,EvoPlus Ltd. (R1823-LROR),2015-03-11
net,sonetix.net,EVOPLUS LTD,2015-05-23
com,porno-wife.com,EVOPLUS LTD,2014-10-18
net,africanporntube.net,EVOPLUS LTD,2014-12-30
com,boyfriendsolo.com,EVOPLUS LTD,2015-01-21
com,nude-sport-thumbs.com,EVOPLUS LTD,2015-06-23
com,japanese-beauties-tube.com,EVOPLUS LTD,2014-11-09
net,maturewomanpics.net,EVOPLUS LTD,2015-01-30
com,orientalfuckmovies.com,EVOPLUS LTD,2015-04-07
com,gotrannytube.com,EVOPLUS LTD,2014-09-08
com,sexveteran.com,EVOPLUS LTD,2015-03-19
com,gonzolobster.com,EVOPLUS LTD,2015-01-06
com,swingercuckoldwives.com,EVOPLUS LTD,2015-04-10
com,tubry.com,EVOPLUS LTD,2015-05-08
com,japanese-milf-tube.com,EVOPLUS LTD,2014-11-04
com,1arabsextube.com,EVOPLUS LTD,2014-09-06
com,royalmomstube.com,EVOPLUS LTD,2014-11-07
com,dizzymodels.com,EVOPLUS LTD,2014-10-22
biz,wife-tube.biz,EVOPLUS LTD.,2014-10-25
org,indianhotsex.org,EvoPlus Ltd. (R1823-LROR),2014-10-28
com,tubepornovideo.com,EVOPLUS LTD,2014-11-27
com,taboomilftube.com,EVOPLUS LTD,2015-07-10
net,glamourbabes.net,EVOPLUS LTD,2015-07-08
com,herebbw.com,EVOPLUS LTD,2015-05-20
com,cumtobun.com,EVOPLUS LTD,2015-05-15
com,pornblink.com,EVOPLUS LTD,2014-09-07
net,tuberetro.net,EVOPLUS LTD,2015-01-16
com,japanese-girls-tube.com,EVOPLUS LTD,2015-01-08
com,handyhardcore.com,EVOPLUS LTD,2014-10-19
com,tubehoe.com,EVOPLUS LTD,2014-11-06
com,xxxx-tubes.com,EVOPLUS LTD,2014-10-15
com,tubefetishclub.com,EVOPLUS LTD,2014-11-06
net,vipoldies.net,EVOPLUS LTD,2014-11-09
com,indonesian-porn.com,EVOPLUS LTD,2014-11-21
com,grannyamateurs.com,EVOPLUS LTD,2014-11-10
com,xnxxhdtube.com,EVOPLUS LTD,2014-10-26
com,mobilevisits.com,EVOPLUS LTD,2015-07-05
com,filmespornopt.com,EVOPLUS LTD,2014-11-04
biz,gaymuscle.biz,EVOPLUS LTD.,2015-01-24
com,fapmale.com,EVOPLUS LTD,2015-03-29
com,top-xhamster.com,EVOPLUS LTD,2014-10-20
com,pornosalut.com,EVOPLUS LTD,2014-12-08
com,messyxxxtube.com,EVOPLUS LTD,2014-11-21
com,sugarytwinks.com,EVOPLUS LTD,2014-10-27
com,antonraby.com,EVOPLUS LTD,2016-07-26
net,freebbwtubes.net,EVOPLUS LTD,2014-10-27
org,indianpornsex.org,EvoPlus Ltd. (R1823-LROR),2014-11-18
com,freshteentube.com,EVOPLUS LTD,2014-11-21
com,sexadulter.com,EVOPLUS LTD,2014-11-13
xxx,lesbianporntube.xxx,EvoPlus Ltd. (R3298-AGRS),2014-09-05
com,varporn.com,EVOPLUS LTD,2015-05-07
com,wankvidz.com,EVOPLUS LTD,2015-03-30
com,host-level.com,EVOPLUS LTD,2016-06-29
com,japanese-mom.com,EVOPLUS LTD,2015-02-16
com,momsfucktube.com,EVOPLUS LTD,2015-07-06
com,brutal-thumbs.com,EVOPLUS LTD,2015-06-23
xxx,mygay.xxx,EvoPlus Ltd. (R3298-AGRS),2014-12-23
com,maturequests.com,EVOPLUS LTD,2014-09-07
com,tyresgroup.com,EVOPLUS LTD,2015-03-10
com,dizzybabes.com,EVOPLUS LTD,2014-11-22
org,indiansexclips.org,EvoPlus Ltd. (R1823-LROR),2014-11-08
net,arabsextubes.net,EVOPLUS LTD,2014-09-06
net,1momsfuckboys.net,EVOPLUS LTD,2015-01-24
com,longteentubes.com,EVOPLUS LTD,2015-01-11
com,hornyteensnude.com,EVOPLUS LTD,2014-11-08
com,yo-sex.com,EVOPLUS LTD,2015-02-20
com,mylovedhidden.com,EVOPLUS LTD,2015-05-26
net,japanese-porn-tube.net,EVOPLUS LTD,2014-12-30
com,teenpornfresh.com,EVOPLUS LTD,2014-09-07
com,fuckasianfilms.com,EVOPLUS LTD,2015-04-11
com,pureteenstube.com,EVOPLUS LTD,2015-02-17
net,pakistaniporntube.net,EVOPLUS LTD,2015-01-17
com,trannieshq.com,EVOPLUS LTD,2014-12-05
com,cashporntube.com,EVOPLUS LTD,2014-09-04
net,japanese-sex-tube.net,EVOPLUS LTD,2014-10-24
com,madgaybears.com,EVOPLUS LTD,2015-01-27
com,sapussies.com,EVOPLUS LTD,2015-05-27
xxx,freehd.xxx,EvoPlus Ltd. (R3298-AGRS),2014-11-28
com,merrywank.com,EVOPLUS LTD,2014-12-06
com,pussyxnxx.com,EVOPLUS LTD,2014-11-08
com,lothentaiporn.com,EVOPLUS LTD,2015-02-17
com,boysfucks.com,EVOPLUS LTD,2014-09-06
com,itsass.com,EVOPLUS LTD,2015-05-29
com,xxxmotherporn.com,EVOPLUS LTD,2014-11-14
com,momboyfuckclips.com,EVOPLUS LTD,2015-07-06
com,goldjizz.com,EVOPLUS LTD,2014-11-04
com,gonzoape.com,EVOPLUS LTD,2015-01-25
com,bbwmgpz.com,EVOPLUS LTD,2015-01-16
com,maturesexland.com,EVOPLUS LTD,2014-10-21
com,sexpornxxxtube.com,EVOPLUS LTD,2015-05-04
net,librateam.net,EVOPLUS LTD,2014-11-15
net,housewives-tube.net,EVOPLUS LTD,2015-05-07
net,moms-fuckers.net,EVOPLUS LTD,2015-05-07
com,lovetube8.com,EVOPLUS LTD,2014-09-06
net,matureflowers.net,EVOPLUS LTD,2015-01-22
com,babeshemale.com,EVOPLUS LTD,2014-11-05
com,hotpornpie.com,EVOPLUS LTD,2015-02-21
net,bollywoodsextube.net,EVOPLUS LTD,2014-12-24
net,topasianporn.net,EVOPLUS LTD,2014-09-07
com,tabooasianporn.com,EVOPLUS LTD,2015-04-22
net,teenhdporn.net,EVOPLUS LTD,2014-12-14
xxx,redporn.xxx,EvoPlus Ltd. (R3298-AGRS),2014-09-08
biz,sexyebony.biz,EVOPLUS LTD.,2014-12-22
com,indianpornforfree.com,EVOPLUS LTD,2014-10-17
com,whorington.com,EVOPLUS LTD,2014-12-21
org,twinkgaytube.org,EvoPlus Ltd. (R1823-LROR),2014-10-22
com,allmyfarmgirls.com,EVOPLUS LTD,2015-07-26
org,kvtirumalagiri.org,EvoPlus Ltd. (R1823-LROR),2015-03-22
com,chinese-porn-tube.com,EVOPLUS LTD,2014-12-24
com,dishvideos.com,EVOPLUS LTD,2014-09-07
com,orangepornvideos.com,EVOPLUS LTD,2014-10-15
net,xxxindiantube.net,EVOPLUS LTD,2015-02-08
xxx,hdsex18.xxx,EvoPlus Ltd. (R3298-AGRS),2014-10-13
com,vulgarmoms.com,EVOPLUS LTD,2015-03-21
org,motherfucktube.org,EvoPlus Ltd. (R1823-LROR),2015-05-20
com,placeofporn.com,EVOPLUS LTD,2014-10-20
org,chubbyamateur.org,EvoPlus Ltd. (R1823-LROR),2015-06-11
com,sexhubhd.com,EVOPLUS LTD,2015-01-23
com,sextraces.com,EVOPLUS LTD,2015-02-15
com,grannymoviesadult.com,EVOPLUS LTD,2015-01-09
com,hqasianvideos.com,EVOPLUS LTD,2015-05-01
com,tube4world.com,EVOPLUS LTD,2014-11-28
xxx,hdsexvideos.xxx,EvoPlus Ltd. (R3298-AGRS),2015-01-12
com,gayfilmtube.com,EVOPLUS LTD,2014-10-24
com,musclegaybears.com,EVOPLUS LTD,2014-11-04
org,thaisexvideos.org,EvoPlus Ltd. (R1823-LROR),2015-03-29
net,amateurhomemovie.net,EVOPLUS LTD,2015-01-12
com,my-retro-tube.com,EVOPLUS LTD,2015-04-20
com,ageofpron.com,EVOPLUS LTD,2014-11-12
com,fucked-movies.com,EVOPLUS LTD,2015-01-24
org,shemalefreeporn.org,EvoPlus Ltd. (R1823-LROR),2014-10-30
org,japaneseporno.org,EvoPlus Ltd. (R1823-LROR),2014-10-23
com,lesbiansxxxvideos.com,EVOPLUS LTD,2014-12-01
com,porn4real.com,EVOPLUS LTD,2014-10-28
com,hereblowjob.com,EVOPLUS LTD,2015-04-08
com,asssex1.com,EVOPLUS LTD,2015-03-14
com,1classtube.com,EVOPLUS LTD,2014-10-30
org,lesbiansporno.org,EvoPlus Ltd. (R1823-LROR),2015-04-02
com,tube18porn.com,EVOPLUS LTD,2015-06-26
com,hot-sex-now.com,EVOPLUS LTD,2015-04-12
com,teen6tube.com,EVOPLUS LTD,2014-12-31
com,japonicporn.com,EVOPLUS LTD,2014-11-19
net,japan-girl.net,EVOPLUS LTD,2015-01-23
com,fucked-tube.com,EVOPLUS LTD,2014-09-05
com,korean-porn-tube.com,EVOPLUS LTD,2014-10-21
com,unoporno.com,EVOPLUS LTD,2014-11-22
com,sexualbang.com,EVOPLUS LTD,2015-07-29
com,largejizz.com,EVOPLUS LTD,2015-04-07
com,gonzodino.com,EVOPLUS LTD,2014-10-17
com,tubehdporn.com,EVOPLUS LTD,2014-11-24
com,candygays.com,EVOPLUS LTD,2015-01-13
net,momsfuckboy.net,EVOPLUS LTD,2015-04-09
biz,mom-tube.biz,EVOPLUS LTD.,2014-09-05
biz,fattube.biz,EVOPLUS LTD.,2014-09-08
name,japanese-tube.name,EvoPlus Ltd,2014-11-25
com,mature-nudists-tube.com,EVOPLUS LTD,2014-11-27
com,gayxxnxx.com,EVOPLUS LTD,2015-03-11
com,bangsextube.com,EVOPLUS LTD,2015-06-07
com,fuck-milf.com,EVOPLUS LTD,2014-10-20
com,sheepclips.com,EVOPLUS LTD,2014-11-08
org,korean-sex.org,EvoPlus Ltd. (R1823-LROR),2014-12-08
com,altefrausex.com,EVOPLUS LTD,2014-10-24
com,mygayass.com,EVOPLUS LTD,2015-07-07
com,bestsexo.com,EVOPLUS LTD,2014-11-03
com,tubepound.com,EVOPLUS LTD,2015-07-04
com,shemalestreet.com,EVOPLUS LTD,2015-01-07
com,sexyamateurgirlspics.com,EVOPLUS LTD,2015-05-28
net,mytwink.net,EVOPLUS LTD,2015-02-16
com,smutmilf.com,EVOPLUS LTD,2015-04-25
com,roomos.com,EVOPLUS LTD,2015-03-11
com,cougardo.com,EVOPLUS LTD,2015-01-09
com,carporntube.com,EVOPLUS LTD,2014-11-08
com,1indianpornmovies.com,EVOPLUS LTD,2014-09-04
com,noworrytube.com,EVOPLUS LTD,2014-10-31
com,video4man.com,EVOPLUS LTD,2015-01-20
com,teensboss.com,EVOPLUS LTD,2014-12-08
com,withlesbian.com,EVOPLUS LTD,2015-03-09
com,gayporn2.com,EVOPLUS LTD,2014-12-09
com,momsblowjob.com,EVOPLUS LTD,2015-04-13
net,desipornvideo.net,EVOPLUS LTD,2014-10-14
net,osbook.net,EVOPLUS LTD,2014-10-20
com,clubofsex.com,EVOPLUS LTD,2014-10-17
com,med-beauty.com,EVOPLUS LTD,2014-11-02
com,depravedmovies.com,EVOPLUS LTD,2015-03-13
net,asiangirltube.net,EVOPLUS LTD,2015-06-30
com,sextubster.com,EVOPLUS LTD,2014-09-07
com,ohfucktube.com,EVOPLUS LTD,2014-11-12
xxx,pornotubehd.xxx,EvoPlus Ltd. (R3298-AGRS),2015-02-27
net,momxxxmilf.net,EVOPLUS LTD,2015-01-27
com,ummtube.com,EVOPLUS LTD,2015-04-10
info,conversbank.info,EvoPlus Ltd. (R589-LRMS),2015-11-25
com,porn-dot.com,EVOPLUS LTD,2015-01-23
com,passiontranny.com,EVOPLUS LTD,2014-10-18
com,mom2fuck.com,EVOPLUS LTD,2014-12-06
net,nurxxx.net,EVOPLUS LTD,2014-11-06
biz,germansextube.biz,EVOPLUS LTD.,2014-11-09
biz,kma1.biz,EVOPLUS LTD.,2015-01-15
biz,indian-xxx.biz,EVOPLUS LTD.,2014-11-09
com,rosenergo31.com,EVOPLUS LTD,2015-03-16
xxx,japanese-tube.xxx,EvoPlus Ltd. (R3298-AGRS),2015-01-16
com,my-yalta.com,EVOPLUS LTD,2014-10-23
com,asian-milf-tube.com,EVOPLUS LTD,2015-01-20
xxx,porn18.xxx,EvoPlus Ltd. (R3298-AGRS),2015-02-10
com,smutmaturetube.com,EVOPLUS LTD,2015-04-15
com,megaporntuber.com,EVOPLUS LTD,2014-12-08
com,forbiddengayporn.com,EVOPLUS LTD,2015-01-10
org,lesbian-xxx.org,EvoPlus Ltd. (R1823-LROR),2014-10-15
net,indiantubes.net,EVOPLUS LTD,2014-12-17
com,pix-cdn.com,EVOPLUS LTD,2015-06-25
com,smutcinema.com,EVOPLUS LTD,2014-11-04
com,tabooboytube.com,EVOPLUS LTD,2015-06-12
biz,mature-women.biz,EVOPLUS LTD.,2014-11-11
net,asiantubez.net,EVOPLUS LTD,2015-02-11
com,sexonlytube.com,EVOPLUS LTD,2014-10-27
xxx,pornvideoshd.xxx,EvoPlus Ltd. (R3298-AGRS),2014-10-24
com,teensex18y.com,EVOPLUS LTD,2015-01-02
com,fuckretroporn.com,EVOPLUS LTD,2014-11-06
net,lesbiansgirls.net,EVOPLUS LTD,2014-12-19
xxx,indiansextube.xxx,EvoPlus Ltd. (R3298-AGRS),2014-11-28
com,herehuge.com,EVOPLUS LTD,2014-12-17
net,pornin.net,EVOPLUS LTD,2014-12-17
com,xhamsterboy.com,EVOPLUS LTD,2014-10-24
com,xxxjojo.com,EVOPLUS LTD,2015-01-18
com,3dtoonsgalleries.com,EVOPLUS LTD,2015-07-09
com,vivagals.com,EVOPLUS LTD,2015-03-07
xxx,porntube1.xxx,EvoPlus Ltd. (R3298-AGRS),2014-10-13
com,xxx-yes.com,EVOPLUS LTD,2014-09-08
com,smut-tube.com,EVOPLUS LTD,2015-06-09
com,infomanya.com,EVOPLUS LTD,2014-12-08
com,japanese-tubes.com,EVOPLUS LTD,2015-01-23
com,newsexmonsters.com,EVOPLUS LTD,2015-01-09
com,tubepronmovies.com,EVOPLUS LTD,2014-12-07
biz,granny-sex.biz,EVOPLUS LTD.,2014-11-01
com,hot-asian-women.com,EVOPLUS LTD,2014-11-06
xxx,hdpornvideo.xxx,EvoPlus Ltd. (R3298-AGRS),2014-09-05
com,sexsexvideo.com,EVOPLUS LTD,2014-11-09
org,asiangaytube.org,EvoPlus Ltd. (R1823-LROR),2015-03-13
com,teenpornplace.com,EVOPLUS LTD,2014-11-22
com,maleontv.com,EVOPLUS LTD,2014-12-29
org,sexinterracial.org,EvoPlus Ltd. (R1823-LROR),2014-11-07
com,hdyoungsexvideos.com,EVOPLUS LTD,2014-11-21
com,hdtwinksporn.com,EVOPLUS LTD,2014-10-28
com,3jizz.com,EVOPLUS LTD,2014-10-15
biz,asian-tube.biz,EVOPLUS LTD.,2015-03-20
biz,sextub.biz,EVOPLUS LTD.,2014-11-06
com,detailing-club.com,EVOPLUS LTD,2015-04-14
com,driveporntube.com,EVOPLUS LTD,2014-11-09
com,sexybolt.com,EVOPLUS LTD,2014-11-24
com,japanese-porn-tube.com,EVOPLUS LTD,2014-12-11
org,huge-tits.org,EvoPlus Ltd. (R1823-LROR),2015-04-09
com,fat-tubes.com,EVOPLUS LTD,2014-12-25
com,filthyasia.com,EVOPLUS LTD,2014-10-24
com,1apkdownload.com,EVOPLUS LTD,2016-08-15
com,bestfuckclips.com,EVOPLUS LTD,2015-07-05
xxx,xnxxhd.xxx,EvoPlus Ltd. (R3298-AGRS),2015-01-30
com,spreadingporn.com,EVOPLUS LTD,2014-09-06
com,taboomothertube.com,EVOPLUS LTD,2015-07-11
com,heresquirt.com,EVOPLUS LTD,2014-11-28
xxx,hdstream.xxx,EvoPlus Ltd. (R3298-AGRS),2015-01-11
com,fairygranny.com,EVOPLUS LTD,2015-06-16
com,indianbeautiestube.com,EVOPLUS LTD,2015-03-20
org,gay-sex-tube.org,EvoPlus Ltd. (R1823-LROR),2014-10-15
com,freshvintageporn.com,EVOPLUS LTD,2014-10-24
net,lesbian-porn-tube.net,EVOPLUS LTD,2015-01-18
com,ooo-tube.com,EVOPLUS LTD,2014-09-09
net,huge-tits-tube.net,EVOPLUS LTD,2014-12-11
com,nipponeseporn.com,EVOPLUS LTD,2014-10-17
com,retrosex-tube.com,EVOPLUS LTD,2014-11-06
net,directal.net,EVOPLUS LTD,2014-12-04
com,tube-ok.com,EVOPLUS LTD,2014-10-14
net,asian-teeny-tubes.net,EVOPLUS LTD,2015-01-02
com,wankbunker.com,EVOPLUS LTD,2014-10-25
com,herepanties.com,EVOPLUS LTD,2015-04-05
com,xxxdigger.com,EVOPLUS LTD,2014-10-13
com,ebony-girls-tube.com,EVOPLUS LTD,2014-11-08
org,idealporn.org,EvoPlus Ltd. (R1823-LROR),2015-04-11
com,lesbianloverstube.com,EVOPLUS LTD,2014-10-14
com,good-fuck.com,EVOPLUS LTD,2014-10-21
com,old-granny-tube.com,EVOPLUS LTD,2014-12-19
com,tubexxxporn.com,EVOPLUS LTD,2015-05-12
com,realytiikings.com,EVOPLUS LTD,2015-01-31
com,4clips.com,EVOPLUS LTD,2014-12-31
